<?xml version="1.0" encoding="UTF-8"?>
<FindBugsFilter>
  <Match>
    <Bug pattern="DMI_HARDCODED_ABSOLUTE_FILENAME"/>
  </Match>
  <Match>
    <!-- This allows us to use singleton pattern -->
    <Bug pattern="EI_EXPOSE_REP"/>
  </Match>
  <Match>
    <Bug pattern="EI_EXPOSE_REP2"/>
  </Match>
  <Match>
    <Bug pattern="MS_EXPOSE_REP"/>
  </Match>
  <Match>
    <Bug pattern="MS_EXPOSE_REP2"/>
  </Match>
  <Match>
    <Bug pattern="EI_EXPOSE_STATIC_REP2"/>
  </Match>
  <Match>
    <Bug pattern="MC_OVERRIDABLE_METHOD_CALL_IN_CONSTRUCTOR"/>
  </Match>
  <Match>
    <!-- Java11 build throws false positives: https://github.com/spotbugs/spotbugs/issues/811 -->
    <Bug pattern="UPM_UNCALLED_PRIVATE_METHOD"/>
  </Match>
  <Match>
    <Bug pattern="EI_EXPOSE_REP,EI_EXPOSE_REP2"/>
    <Package name="io.strimzi.certs"/>
  </Match>
  <Match>
    <Class name="~io\.strimzi\.api\.kafka\.model\..+(Builder|Fluent)(\$.*)?" />
  </Match>
  <Match>
    <Class name="~io\.fabric8\.kubernetes\.api\.model\..+(Builder|Fluent)(\$.*)?" />
  </Match>
  <Match>
    <!-- Throws false positives in Fabric8 Kubernetes client (related to https://github.com/spotbugs/spotbugs/issues/1219) -->
    <Bug pattern="BC_UNCONFIRMED_CAST_OF_RETURN_VALUE"/>
  </Match>
  <Match>
    <Bug pattern="RCN_REDUNDANT_NULLCHECK_WOULD_HAVE_BEEN_A_NPE"/>
    <Class name="~io\.strimzi\.certs\.OpenSslCertManager" />
  </Match>
  <!-- This is excluded because the classes are generated by sundrio -->
  <Match>
    <Class name="~io\.strimzi\.systemtest\.(kafkaclients|resources\.operator\.configuration)\..+(Builder|Fluent)(\$.*)?" />
  </Match>
</FindBugsFilter>
