{
  "__requires": [
    {
      "type": "grafana",
      "id": "grafana",
      "name": "Grafana",
      "version": "7.4.5"
    },
    {
      "type": "panel",
      "id": "stat",
      "name": "Stat"
    },
    {
      "type": "datasource",
      "id": "prometheus",
      "name": "Prometheus"
    },
    {
      "type": "panel",
      "id": "timeseries",
      "name": "Timeseries"
    }
  ],
  "annotations": {
    "list": [
      {
        "builtIn": 1,
        "datasource": {
          "type": "datasource",
          "uid": "grafana"
        },
        "enable": true,
        "hide": true,
        "iconColor": "rgba(0, 211, 255, 1)",
        "name": "Annotations & Alerts",
        "type": "dashboard"
      }
    ]
  },
  "editable": true,
  "fiscalYearStartMonth": 0,
  "graphTooltip": 0,
  "id": 14,
  "links": [],
  "panels": [
    {
      "collapsed": false,
      "datasource": "${DS_PROMETHEUS}",
      "gridPos": {
        "h": 1,
        "w": 24,
        "x": 0,
        "y": 0
      },
      "id": 28,
      "panels": [],
      "targets": [
        {
          "datasource": "${DS_PROMETHEUS}",
          "refId": "A"
        }
      ],
      "title": "KRaft",
      "type": "row"
    },
    {
      "datasource": "${DS_PROMETHEUS}",
      "description": "Kafka broker pods memory usage",
      "fieldConfig": {
        "defaults": {
          "color": {
            "mode": "palette-classic"
          },
          "custom": {
            "axisBorderShow": false,
            "axisCenteredZero": false,
            "axisColorMode": "text",
            "axisLabel": "",
            "axisPlacement": "auto",
            "barAlignment": 0,
            "drawStyle": "line",
            "fillOpacity": 10,
            "gradientMode": "none",
            "hideFrom": {
              "legend": false,
              "tooltip": false,
              "viz": false
            },
            "insertNulls": false,
            "lineInterpolation": "linear",
            "lineWidth": 1,
            "pointSize": 5,
            "scaleDistribution": {
              "type": "linear"
            },
            "showPoints": "never",
            "spanNulls": false,
            "stacking": {
              "group": "A",
              "mode": "none"
            },
            "thresholdsStyle": {
              "mode": "off"
            }
          },
          "mappings": [],
          "thresholds": {
            "mode": "absolute",
            "steps": [
              {
                "color": "green",
                "value": null
              },
              {
                "color": "red",
                "value": 80
              }
            ]
          },
          "unit": "bytes"
        },
        "overrides": []
      },
      "gridPos": {
        "h": 7,
        "w": 6,
        "x": 0,
        "y": 1
      },
      "id": 82,
      "options": {
        "legend": {
          "calcs": [],
          "displayMode": "list",
          "placement": "bottom",
          "showLegend": true
        },
        "tooltip": {
          "mode": "multi",
          "sort": "none"
        }
      },
      "pluginVersion": "7.4.5",
      "targets": [
        {
          "datasource": "${DS_PROMETHEUS}",
          "expr": "sum(container_memory_usage_bytes{namespace=\"$kubernetes_namespace\",pod=~\"$strimzi_cluster_name-$kraft_node\",container=\"kafka\"}) by (pod)",
          "format": "time_series",
          "hide": false,
          "intervalFactor": 1,
          "legendFormat": "{{pod}}",
          "refId": "A"
        }
      ],
      "title": "Memory Usage",
      "type": "timeseries"
    },
    {
      "datasource": "${DS_PROMETHEUS}",
      "description": "Aggregated Kafka broker pods CPU usage",
      "fieldConfig": {
        "defaults": {
          "color": {
            "mode": "palette-classic"
          },
          "custom": {
            "axisBorderShow": false,
            "axisCenteredZero": false,
            "axisColorMode": "text",
            "axisLabel": "",
            "axisPlacement": "auto",
            "barAlignment": 0,
            "drawStyle": "line",
            "fillOpacity": 10,
            "gradientMode": "none",
            "hideFrom": {
              "legend": false,
              "tooltip": false,
              "viz": false
            },
            "insertNulls": false,
            "lineInterpolation": "linear",
            "lineWidth": 1,
            "pointSize": 5,
            "scaleDistribution": {
              "type": "linear"
            },
            "showPoints": "never",
            "spanNulls": false,
            "stacking": {
              "group": "A",
              "mode": "none"
            },
            "thresholdsStyle": {
              "mode": "off"
            }
          },
          "mappings": [],
          "thresholds": {
            "mode": "absolute",
            "steps": [
              {
                "color": "green",
                "value": null
              },
              {
                "color": "red",
                "value": 80
              }
            ]
          },
          "unit": "short"
        },
        "overrides": []
      },
      "gridPos": {
        "h": 7,
        "w": 6,
        "x": 6,
        "y": 1
      },
      "id": 81,
      "options": {
        "legend": {
          "calcs": [],
          "displayMode": "list",
          "placement": "bottom",
          "showLegend": true
        },
        "tooltip": {
          "mode": "multi",
          "sort": "none"
        }
      },
      "pluginVersion": "7.4.5",
      "targets": [
        {
          "datasource": "${DS_PROMETHEUS}",
          "expr": "sum(rate(container_cpu_usage_seconds_total{namespace=\"$kubernetes_namespace\",pod=~\"$strimzi_cluster_name-$kraft_node\",container=\"kafka\"}[5m])) by (pod)",
          "format": "time_series",
          "hide": false,
          "intervalFactor": 1,
          "legendFormat": "{{pod}}",
          "refId": "A"
        }
      ],
      "title": "CPU Usage",
      "type": "timeseries"
    },
    {
      "datasource": "${DS_PROMETHEUS}",
      "description": "Kafka broker pods disk usage",
      "fieldConfig": {
        "defaults": {
          "color": {
            "mode": "palette-classic"
          },
          "custom": {
            "axisBorderShow": false,
            "axisCenteredZero": false,
            "axisColorMode": "text",
            "axisLabel": "",
            "axisPlacement": "auto",
            "barAlignment": 0,
            "drawStyle": "line",
            "fillOpacity": 10,
            "gradientMode": "none",
            "hideFrom": {
              "legend": false,
              "tooltip": false,
              "viz": false
            },
            "insertNulls": false,
            "lineInterpolation": "linear",
            "lineWidth": 1,
            "pointSize": 5,
            "scaleDistribution": {
              "type": "linear"
            },
            "showPoints": "never",
            "spanNulls": false,
            "stacking": {
              "group": "A",
              "mode": "none"
            },
            "thresholdsStyle": {
              "mode": "off"
            }
          },
          "mappings": [],
          "thresholds": {
            "mode": "absolute",
            "steps": [
              {
                "color": "green",
                "value": null
              },
              {
                "color": "red",
                "value": 80
              }
            ]
          },
          "unit": "bytes"
        },
        "overrides": []
      },
      "gridPos": {
        "h": 7,
        "w": 6,
        "x": 12,
        "y": 1
      },
      "id": 83,
      "options": {
        "legend": {
          "calcs": [],
          "displayMode": "list",
          "placement": "bottom",
          "showLegend": true
        },
        "tooltip": {
          "mode": "multi",
          "sort": "none"
        }
      },
      "pluginVersion": "7.4.5",
      "targets": [
        {
          "datasource": "${DS_PROMETHEUS}",
          "expr": "sum(kubelet_volume_stats_available_bytes{namespace=\"$kubernetes_namespace\",persistentvolumeclaim=~\"data(-[0-9]+)?-$strimzi_cluster_name-$kraft_node\", persistentvolumeclaim!~\".*zookeeper(-[0-9]+)?$\"}) by (persistentvolumeclaim)",
          "format": "time_series",
          "hide": false,
          "intervalFactor": 1,
          "legendFormat": "{{persistentvolumeclaim}}",
          "refId": "A"
        }
      ],
      "title": "Available Disk Space",
      "type": "timeseries"
    },
    {
      "datasource": "${DS_PROMETHEUS}",
      "description": "Open File Descriptors",
      "fieldConfig": {
        "defaults": {
          "color": {
            "mode": "palette-classic"
          },
          "custom": {
            "axisBorderShow": false,
            "axisCenteredZero": false,
            "axisColorMode": "text",
            "axisLabel": "",
            "axisPlacement": "auto",
            "barAlignment": 0,
            "drawStyle": "line",
            "fillOpacity": 10,
            "gradientMode": "none",
            "hideFrom": {
              "legend": false,
              "tooltip": false,
              "viz": false
            },
            "insertNulls": false,
            "lineInterpolation": "linear",
            "lineWidth": 1,
            "pointSize": 5,
            "scaleDistribution": {
              "type": "linear"
            },
            "showPoints": "never",
            "spanNulls": false,
            "stacking": {
              "group": "A",
              "mode": "none"
            },
            "thresholdsStyle": {
              "mode": "off"
            }
          },
          "mappings": [],
          "thresholds": {
            "mode": "absolute",
            "steps": [
              {
                "color": "green",
                "value": null
              },
              {
                "color": "red",
                "value": 80
              }
            ]
          },
          "unit": "none"
        },
        "overrides": []
      },
      "gridPos": {
        "h": 7,
        "w": 6,
        "x": 18,
        "y": 1
      },
      "id": 107,
      "options": {
        "legend": {
          "calcs": [],
          "displayMode": "list",
          "placement": "bottom",
          "showLegend": true
        },
        "tooltip": {
          "mode": "multi",
          "sort": "none"
        }
      },
      "pluginVersion": "7.4.5",
      "targets": [
        {
          "datasource": "${DS_PROMETHEUS}",
          "expr": "sum(process_open_fds{namespace=\"$kubernetes_namespace\",kubernetes_pod_name=~\"$strimzi_cluster_name-$kraft_node\",container=\"kafka\"}) by (kubernetes_pod_name)",
          "format": "time_series",
          "hide": false,
          "intervalFactor": 1,
          "legendFormat": "{{kubernetes_pod_name}}",
          "refId": "A"
        }
      ],
      "title": "Open File Descriptors",
      "type": "timeseries"
    },
    {
      "datasource": "${DS_PROMETHEUS}",
      "fieldConfig": {
        "defaults": {
          "color": {
            "mode": "palette-classic"
          },
          "custom": {
            "axisBorderShow": false,
            "axisCenteredZero": false,
            "axisColorMode": "text",
            "axisLabel": "",
            "axisPlacement": "auto",
            "barAlignment": 0,
            "drawStyle": "line",
            "fillOpacity": 10,
            "gradientMode": "none",
            "hideFrom": {
              "legend": false,
              "tooltip": false,
              "viz": false
            },
            "insertNulls": false,
            "lineInterpolation": "linear",
            "lineWidth": 1,
            "pointSize": 5,
            "scaleDistribution": {
              "type": "linear"
            },
            "showPoints": "never",
            "spanNulls": false,
            "stacking": {
              "group": "A",
              "mode": "none"
            },
            "thresholdsStyle": {
              "mode": "off"
            }
          },
          "mappings": [],
          "thresholds": {
            "mode": "absolute",
            "steps": [
              {
                "color": "green",
                "value": null
              },
              {
                "color": "red",
                "value": 80
              }
            ]
          },
          "unit": "decbytes"
        },
        "overrides": []
      },
      "gridPos": {
        "h": 7,
        "w": 6,
        "x": 0,
        "y": 8
      },
      "id": 93,
      "options": {
        "legend": {
          "calcs": [],
          "displayMode": "list",
          "placement": "bottom",
          "showLegend": true
        },
        "tooltip": {
          "mode": "multi",
          "sort": "none"
        }
      },
      "pluginVersion": "7.4.5",
      "targets": [
        {
          "datasource": "${DS_PROMETHEUS}",
          "expr": "sum(jvm_memory_used_bytes{namespace=\"$kubernetes_namespace\",kubernetes_pod_name=~\"$strimzi_cluster_name-$kraft_node\",strimzi_io_name=\"$strimzi_cluster_name-kafka\"}) by (kubernetes_pod_name)",
          "format": "time_series",
          "intervalFactor": 1,
          "legendFormat": "{{kubernetes_pod_name}}",
          "refId": "A"
        }
      ],
      "title": "JVM Memory Used",
      "type": "timeseries"
    },
    {
      "datasource": "${DS_PROMETHEUS}",
      "fieldConfig": {
        "defaults": {
          "color": {
            "mode": "palette-classic"
          },
          "custom": {
            "axisBorderShow": false,
            "axisCenteredZero": false,
            "axisColorMode": "text",
            "axisLabel": "",
            "axisPlacement": "auto",
            "barAlignment": 0,
            "drawStyle": "line",
            "fillOpacity": 10,
            "gradientMode": "none",
            "hideFrom": {
              "legend": false,
              "tooltip": false,
              "viz": false
            },
            "insertNulls": false,
            "lineInterpolation": "linear",
            "lineWidth": 1,
            "pointSize": 5,
            "scaleDistribution": {
              "type": "linear"
            },
            "showPoints": "never",
            "spanNulls": false,
            "stacking": {
              "group": "A",
              "mode": "none"
            },
            "thresholdsStyle": {
              "mode": "off"
            }
          },
          "mappings": [],
          "thresholds": {
            "mode": "absolute",
            "steps": [
              {
                "color": "green",
                "value": null
              },
              {
                "color": "red",
                "value": 80
              }
            ]
          },
          "unit": "ms"
        },
        "overrides": []
      },
      "gridPos": {
        "h": 7,
        "w": 6,
        "x": 6,
        "y": 8
      },
      "id": 95,
      "options": {
        "legend": {
          "calcs": [],
          "displayMode": "list",
          "placement": "bottom",
          "showLegend": true
        },
        "tooltip": {
          "mode": "multi",
          "sort": "none"
        }
      },
      "pluginVersion": "7.4.5",
      "targets": [
        {
          "datasource": "${DS_PROMETHEUS}",
          "expr": "sum(rate(jvm_gc_collection_seconds_sum{namespace=\"$kubernetes_namespace\",kubernetes_pod_name=~\"$strimzi_cluster_name-$kraft_node\",strimzi_io_name=\"$strimzi_cluster_name-kafka\"}[5m])) by (kubernetes_pod_name)",
          "format": "time_series",
          "intervalFactor": 1,
          "legendFormat": "{{kubernetes_pod_name}}",
          "refId": "A"
        }
      ],
      "title": "JVM GC Time",
      "type": "timeseries"
    },
    {
      "datasource": "${DS_PROMETHEUS}",
      "fieldConfig": {
        "defaults": {
          "color": {
            "mode": "palette-classic"
          },
          "custom": {
            "axisBorderShow": false,
            "axisCenteredZero": false,
            "axisColorMode": "text",
            "axisLabel": "",
            "axisPlacement": "auto",
            "barAlignment": 0,
            "drawStyle": "line",
            "fillOpacity": 10,
            "gradientMode": "none",
            "hideFrom": {
              "legend": false,
              "tooltip": false,
              "viz": false
            },
            "insertNulls": false,
            "lineInterpolation": "linear",
            "lineWidth": 1,
            "pointSize": 5,
            "scaleDistribution": {
              "type": "linear"
            },
            "showPoints": "never",
            "spanNulls": false,
            "stacking": {
              "group": "A",
              "mode": "none"
            },
            "thresholdsStyle": {
              "mode": "off"
            }
          },
          "mappings": [],
          "thresholds": {
            "mode": "absolute",
            "steps": [
              {
                "color": "green",
                "value": null
              },
              {
                "color": "red",
                "value": 80
              }
            ]
          },
          "unit": "short"
        },
        "overrides": []
      },
      "gridPos": {
        "h": 7,
        "w": 6,
        "x": 12,
        "y": 8
      },
      "id": 97,
      "options": {
        "legend": {
          "calcs": [],
          "displayMode": "list",
          "placement": "bottom",
          "showLegend": true
        },
        "tooltip": {
          "mode": "multi",
          "sort": "none"
        }
      },
      "pluginVersion": "7.4.5",
      "targets": [
        {
          "datasource": "${DS_PROMETHEUS}",
          "expr": "sum(rate(jvm_gc_collection_seconds_count{namespace=\"$kubernetes_namespace\",kubernetes_pod_name=~\"$strimzi_cluster_name-$kraft_node\",strimzi_io_name=\"$strimzi_cluster_name-kafka\"}[5m])) by (kubernetes_pod_name)",
          "format": "time_series",
          "intervalFactor": 1,
          "legendFormat": "{{kubernetes_pod_name}}",
          "refId": "A"
        }
      ],
      "title": "JVM GC Count",
      "type": "timeseries"
    },
    {
      "datasource": "${DS_PROMETHEUS}",
      "description": "JVM thread count",
      "fieldConfig": {
        "defaults": {
          "color": {
            "mode": "palette-classic"
          },
          "custom": {
            "axisBorderShow": false,
            "axisCenteredZero": false,
            "axisColorMode": "text",
            "axisLabel": "",
            "axisPlacement": "auto",
            "barAlignment": 0,
            "drawStyle": "line",
            "fillOpacity": 10,
            "gradientMode": "none",
            "hideFrom": {
              "legend": false,
              "tooltip": false,
              "viz": false
            },
            "insertNulls": false,
            "lineInterpolation": "linear",
            "lineWidth": 1,
            "pointSize": 5,
            "scaleDistribution": {
              "type": "linear"
            },
            "showPoints": "never",
            "spanNulls": false,
            "stacking": {
              "group": "A",
              "mode": "none"
            },
            "thresholdsStyle": {
              "mode": "off"
            }
          },
          "mappings": [],
          "thresholds": {
            "mode": "absolute",
            "steps": [
              {
                "color": "green",
                "value": null
              },
              {
                "color": "red",
                "value": 80
              }
            ]
          },
          "unit": "short"
        },
        "overrides": []
      },
      "gridPos": {
        "h": 7,
        "w": 6,
        "x": 18,
        "y": 8
      },
      "id": 108,
      "options": {
        "legend": {
          "calcs": [],
          "displayMode": "list",
          "placement": "bottom",
          "showLegend": true
        },
        "tooltip": {
          "mode": "multi",
          "sort": "none"
        }
      },
      "pluginVersion": "7.4.5",
      "targets": [
        {
          "datasource": "${DS_PROMETHEUS}",
          "expr": "sum(jvm_threads_current{namespace=\"$kubernetes_namespace\",kubernetes_pod_name=~\"$strimzi_cluster_name-$kraft_node\",strimzi_io_name=\"$strimzi_cluster_name-kafka\"}) by (kubernetes_pod_name)",
          "format": "time_series",
          "intervalFactor": 1,
          "legendFormat": "{{kubernetes_pod_name}}",
          "refId": "A"
        }
      ],
      "title": "JVM Thread Count",
      "type": "timeseries"
    },
    {
      "datasource": "${DS_PROMETHEUS}",
      "description": "The average number of records appended per sec as the leader of the raft quorum.",
      "fieldConfig": {
        "defaults": {
          "color": {
            "mode": "palette-classic"
          },
          "custom": {
            "axisBorderShow": false,
            "axisCenteredZero": false,
            "axisColorMode": "text",
            "axisLabel": "",
            "axisPlacement": "auto",
            "barAlignment": 0,
            "drawStyle": "line",
            "fillOpacity": 10,
            "gradientMode": "none",
            "hideFrom": {
              "legend": false,
              "tooltip": false,
              "viz": false
            },
            "insertNulls": false,
            "lineInterpolation": "linear",
            "lineWidth": 1,
            "pointSize": 5,
            "scaleDistribution": {
              "type": "linear"
            },
            "showPoints": "never",
            "spanNulls": false,
            "stacking": {
              "group": "A",
              "mode": "none"
            },
            "thresholdsStyle": {
              "mode": "off"
            }
          },
          "mappings": [],
          "thresholds": {
            "mode": "absolute",
            "steps": [
              {
                "color": "green",
                "value": null
              },
              {
                "color": "red",
                "value": 80
              }
            ]
          },
          "unit": "short"
        },
        "overrides": []
      },
      "gridPos": {
        "h": 8,
        "w": 8,
        "x": 0,
        "y": 15
      },
      "id": 44,
      "options": {
        "legend": {
          "calcs": [],
          "displayMode": "list",
          "placement": "bottom",
          "showLegend": true
        },
        "tooltip": {
          "mode": "multi",
          "sort": "none"
        }
      },
      "pluginVersion": "7.4.5",
      "targets": [
        {
          "datasource": "${DS_PROMETHEUS}",
          "expr": "sum(kafka_server_raftmetrics_append_records_rate{namespace=\"$kubernetes_namespace\",strimzi_io_cluster=\"$strimzi_cluster_name\",kubernetes_pod_name=~\"$strimzi_cluster_name-$kraft_node\"}) by (kubernetes_pod_name)",
          "format": "time_series",
          "hide": false,
          "instant": false,
          "interval": "",
          "intervalFactor": 1,
          "legendFormat": " {{kubernetes_pod_name}}",
          "refId": "A"
        }
      ],
      "title": "Append Metadata Records Rate",
      "type": "timeseries"
    },
    {
      "datasource": "${DS_PROMETHEUS}",
      "description": "The average number of records fetched from the leader of the raft quorum.",
      "fieldConfig": {
        "defaults": {
          "color": {
            "mode": "palette-classic"
          },
          "custom": {
            "axisBorderShow": false,
            "axisCenteredZero": false,
            "axisColorMode": "text",
            "axisLabel": "",
            "axisPlacement": "auto",
            "barAlignment": 0,
            "drawStyle": "line",
            "fillOpacity": 10,
            "gradientMode": "none",
            "hideFrom": {
              "legend": false,
              "tooltip": false,
              "viz": false
            },
            "insertNulls": false,
            "lineInterpolation": "linear",
            "lineWidth": 1,
            "pointSize": 5,
            "scaleDistribution": {
              "type": "linear"
            },
            "showPoints": "never",
            "spanNulls": false,
            "stacking": {
              "group": "A",
              "mode": "none"
            },
            "thresholdsStyle": {
              "mode": "off"
            }
          },
          "mappings": [],
          "thresholds": {
            "mode": "absolute",
            "steps": [
              {
                "color": "green",
                "value": null
              },
              {
                "color": "red",
                "value": 80
              }
            ]
          },
          "unit": "short"
        },
        "overrides": []
      },
      "gridPos": {
        "h": 8,
        "w": 8,
        "x": 8,
        "y": 15
      },
      "id": 58,
      "options": {
        "legend": {
          "calcs": [],
          "displayMode": "list",
          "placement": "bottom",
          "showLegend": true
        },
        "tooltip": {
          "mode": "multi",
          "sort": "none"
        }
      },
      "pluginVersion": "7.4.5",
      "targets": [
        {
          "datasource": "${DS_PROMETHEUS}",
          "expr": "sum(kafka_server_raftmetrics_fetch_records_rate{namespace=\"$kubernetes_namespace\",kubernetes_pod_name=~\"$strimzi_cluster_name-$kraft_node\",strimzi_io_name=\"$strimzi_cluster_name-kafka\"}) by (kubernetes_pod_name)",
          "format": "time_series",
          "interval": "",
          "intervalFactor": 1,
          "legendFormat": "{{kubernetes_pod_name}}",
          "refId": "D"
        }
      ],
      "title": "Fetch Metadata Records Rate",
      "type": "timeseries"
    },
    {
      "datasource": "${DS_PROMETHEUS}",
      "description": "The average time in milliseconds to commit an entry in the raft log.",
      "fieldConfig": {
        "defaults": {
          "color": {
            "mode": "palette-classic"
          },
          "custom": {
            "axisBorderShow": false,
            "axisCenteredZero": false,
            "axisColorMode": "text",
            "axisLabel": "",
            "axisPlacement": "auto",
            "barAlignment": 0,
            "drawStyle": "line",
            "fillOpacity": 10,
            "gradientMode": "none",
            "hideFrom": {
              "legend": false,
              "tooltip": false,
              "viz": false
            },
            "insertNulls": false,
            "lineInterpolation": "linear",
            "lineWidth": 1,
            "pointSize": 5,
            "scaleDistribution": {
              "type": "linear"
            },
            "showPoints": "never",
            "spanNulls": false,
            "stacking": {
              "group": "A",
              "mode": "none"
            },
            "thresholdsStyle": {
              "mode": "off"
            }
          },
          "mappings": [],
          "thresholds": {
            "mode": "absolute",
            "steps": [
              {
                "color": "green",
                "value": null
              },
              {
                "color": "red",
                "value": 80
              }
            ]
          },
          "unit": "ms"
        },
        "overrides": []
      },
      "gridPos": {
        "h": 8,
        "w": 8,
        "x": 16,
        "y": 15
      },
      "id": 112,
      "options": {
        "legend": {
          "calcs": [],
          "displayMode": "list",
          "placement": "bottom",
          "showLegend": true
        },
        "tooltip": {
          "mode": "multi",
          "sort": "none"
        }
      },
      "pluginVersion": "7.4.5",
      "targets": [
        {
          "datasource": "${DS_PROMETHEUS}",
          "expr": "sum(kafka_server_raftmetrics_commit_latency_avg{namespace=\"$kubernetes_namespace\",strimzi_io_cluster=\"$strimzi_cluster_name\",kubernetes_pod_name=~\"$strimzi_cluster_name-$kraft_node\"}) by (kubernetes_pod_name)",
          "format": "time_series",
          "hide": false,
          "instant": false,
          "interval": "",
          "intervalFactor": 1,
          "legendFormat": " {{kubernetes_pod_name}}",
          "refId": "A"
        }
      ],
      "title": "Metadata Records Commit Latency",
      "type": "timeseries"
    },
    {
      "datasource": "${DS_PROMETHEUS}",
      "description": "The current quorum leader's id; -1 indicates unknown",
      "fieldConfig": {
        "defaults": {
          "color": {
            "mode": "palette-classic"
          },
          "custom": {
            "axisBorderShow": false,
            "axisCenteredZero": false,
            "axisColorMode": "text",
            "axisLabel": "",
            "axisPlacement": "auto",
            "barAlignment": 0,
            "drawStyle": "line",
            "fillOpacity": 10,
            "gradientMode": "none",
            "hideFrom": {
              "legend": false,
              "tooltip": false,
              "viz": false
            },
            "insertNulls": false,
            "lineInterpolation": "linear",
            "lineWidth": 1,
            "pointSize": 5,
            "scaleDistribution": {
              "type": "linear"
            },
            "showPoints": "never",
            "spanNulls": false,
            "stacking": {
              "group": "A",
              "mode": "none"
            },
            "thresholdsStyle": {
              "mode": "off"
            }
          },
          "decimals": 0,
          "mappings": [],
          "thresholds": {
            "mode": "absolute",
            "steps": [
              {
                "color": "green",
                "value": null
              },
              {
                "color": "red",
                "value": 80
              }
            ]
          },
          "unit": "short"
        },
        "overrides": []
      },
      "gridPos": {
        "h": 8,
        "w": 8,
        "x": 0,
        "y": 23
      },
      "id": 104,
      "options": {
        "legend": {
          "calcs": [],
          "displayMode": "list",
          "placement": "bottom",
          "showLegend": true
        },
        "tooltip": {
          "mode": "multi",
          "sort": "none"
        }
      },
      "pluginVersion": "7.4.5",
      "targets": [
        {
          "datasource": "${DS_PROMETHEUS}",
          "expr": "sum(kafka_server_raftmetrics_current_leader{namespace=\"$kubernetes_namespace\",strimzi_io_cluster=\"$strimzi_cluster_name\",kubernetes_pod_name=~\"$strimzi_cluster_name-$kraft_node\"}) by (kubernetes_pod_name)",
          "format": "time_series",
          "hide": false,
          "interval": "",
          "intervalFactor": 1,
          "legendFormat": "{{kubernetes_pod_name}}",
          "refId": "A"
        }
      ],
      "title": "Current Quorum Leader",
      "type": "timeseries"
    },
    {
      "datasource": "${DS_PROMETHEUS}",
      "description": "The current voted leader's id; -1 indicates not voted for anyone",
      "fieldConfig": {
        "defaults": {
          "color": {
            "mode": "palette-classic"
          },
          "custom": {
            "axisBorderShow": false,
            "axisCenteredZero": false,
            "axisColorMode": "text",
            "axisLabel": "",
            "axisPlacement": "auto",
            "barAlignment": 0,
            "drawStyle": "line",
            "fillOpacity": 10,
            "gradientMode": "none",
            "hideFrom": {
              "legend": false,
              "tooltip": false,
              "viz": false
            },
            "insertNulls": false,
            "lineInterpolation": "linear",
            "lineWidth": 1,
            "pointSize": 5,
            "scaleDistribution": {
              "type": "linear"
            },
            "showPoints": "never",
            "spanNulls": false,
            "stacking": {
              "group": "A",
              "mode": "none"
            },
            "thresholdsStyle": {
              "mode": "off"
            }
          },
          "decimals": 0,
          "mappings": [],
          "thresholds": {
            "mode": "absolute",
            "steps": [
              {
                "color": "green",
                "value": null
              },
              {
                "color": "red",
                "value": 80
              }
            ]
          },
          "unit": "short"
        },
        "overrides": []
      },
      "gridPos": {
        "h": 8,
        "w": 8,
        "x": 8,
        "y": 23
      },
      "id": 105,
      "options": {
        "legend": {
          "calcs": [],
          "displayMode": "list",
          "placement": "bottom",
          "showLegend": true
        },
        "tooltip": {
          "mode": "multi",
          "sort": "none"
        }
      },
      "pluginVersion": "7.4.5",
      "targets": [
        {
          "datasource": "${DS_PROMETHEUS}",
          "expr": "sum(kafka_server_raftmetrics_current_vote{namespace=\"$kubernetes_namespace\",strimzi_io_cluster=\"$strimzi_cluster_name\",kubernetes_pod_name=~\"$strimzi_cluster_name-$kraft_node\"}) by (kubernetes_pod_name)",
          "format": "time_series",
          "hide": false,
          "interval": "",
          "intervalFactor": 1,
          "legendFormat": "{{kubernetes_pod_name}}",
          "refId": "A"
        }
      ],
      "title": "Current Voted Leader",
      "type": "timeseries"
    },
    {
      "datasource": "${DS_PROMETHEUS}",
      "description": "The current quorum epoch",
      "fieldConfig": {
        "defaults": {
          "color": {
            "mode": "palette-classic"
          },
          "custom": {
            "axisBorderShow": false,
            "axisCenteredZero": false,
            "axisColorMode": "text",
            "axisLabel": "",
            "axisPlacement": "auto",
            "barAlignment": 0,
            "drawStyle": "line",
            "fillOpacity": 10,
            "gradientMode": "none",
            "hideFrom": {
              "legend": false,
              "tooltip": false,
              "viz": false
            },
            "insertNulls": false,
            "lineInterpolation": "linear",
            "lineWidth": 1,
            "pointSize": 5,
            "scaleDistribution": {
              "type": "linear"
            },
            "showPoints": "never",
            "spanNulls": false,
            "stacking": {
              "group": "A",
              "mode": "none"
            },
            "thresholdsStyle": {
              "mode": "off"
            }
          },
          "decimals": 0,
          "mappings": [],
          "thresholds": {
            "mode": "absolute",
            "steps": [
              {
                "color": "green",
                "value": null
              },
              {
                "color": "red",
                "value": 80
              }
            ]
          },
          "unit": "short"
        },
        "overrides": []
      },
      "gridPos": {
        "h": 8,
        "w": 8,
        "x": 16,
        "y": 23
      },
      "id": 113,
      "options": {
        "legend": {
          "calcs": [],
          "displayMode": "list",
          "placement": "bottom",
          "showLegend": true
        },
        "tooltip": {
          "mode": "multi",
          "sort": "none"
        }
      },
      "pluginVersion": "7.4.5",
      "targets": [
        {
          "datasource": "${DS_PROMETHEUS}",
          "expr": "sum(kafka_server_raftmetrics_current_epoch{namespace=\"$kubernetes_namespace\",strimzi_io_cluster=\"$strimzi_cluster_name\",kubernetes_pod_name=~\"$strimzi_cluster_name-$kraft_node\"}) by (kubernetes_pod_name)",
          "format": "time_series",
          "hide": false,
          "interval": "",
          "intervalFactor": 1,
          "legendFormat": "{{kubernetes_pod_name}}",
          "refId": "A"
        }
      ],
      "title": "Current Quorum Epoch",
      "type": "timeseries"
    },
    {
      "datasource": "${DS_PROMETHEUS}",
      "description": "The number of bytes read off all sockets per second",
      "fieldConfig": {
        "defaults": {
          "color": {
            "mode": "palette-classic"
          },
          "custom": {
            "axisBorderShow": false,
            "axisCenteredZero": false,
            "axisColorMode": "text",
            "axisLabel": "",
            "axisPlacement": "auto",
            "barAlignment": 0,
            "drawStyle": "line",
            "fillOpacity": 10,
            "gradientMode": "none",
            "hideFrom": {
              "legend": false,
              "tooltip": false,
              "viz": false
            },
            "insertNulls": false,
            "lineInterpolation": "linear",
            "lineWidth": 1,
            "pointSize": 5,
            "scaleDistribution": {
              "type": "linear"
            },
            "showPoints": "never",
            "spanNulls": false,
            "stacking": {
              "group": "A",
              "mode": "none"
            },
            "thresholdsStyle": {
              "mode": "off"
            }
          },
          "mappings": [],
          "thresholds": {
            "mode": "absolute",
            "steps": [
              {
                "color": "green",
                "value": null
              },
              {
                "color": "red",
                "value": 80
              }
            ]
          },
          "unit": "bytes"
        },
        "overrides": []
      },
      "gridPos": {
        "h": 8,
        "w": 12,
        "x": 0,
        "y": 31
      },
      "id": 114,
      "options": {
        "legend": {
          "calcs": [],
          "displayMode": "list",
          "placement": "bottom",
          "showLegend": true
        },
        "tooltip": {
          "mode": "multi",
          "sort": "none"
        }
      },
      "pluginVersion": "7.4.5",
      "targets": [
        {
          "datasource": "${DS_PROMETHEUS}",
          "expr": "sum(irate(kafka_server_raftchannelmetrics_incoming_byte_total{namespace=\"$kubernetes_namespace\",strimzi_io_cluster=\"$strimzi_cluster_name\",kubernetes_pod_name=~\"$strimzi_cluster_name-$kraft_node\"}[5m])) by (kubernetes_pod_name)",
          "format": "time_series",
          "hide": false,
          "interval": "",
          "intervalFactor": 1,
          "legendFormat": "{{kubernetes_pod_name}}",
          "refId": "A"
        }
      ],
      "title": "Metadata Topic Incoming Bytes Rate",
      "type": "timeseries"
    },
    {
      "datasource": "${DS_PROMETHEUS}",
      "description": "The number of outgoing bytes sent to all servers per second",
      "fieldConfig": {
        "defaults": {
          "color": {
            "mode": "palette-classic"
          },
          "custom": {
            "axisBorderShow": false,
            "axisCenteredZero": false,
            "axisColorMode": "text",
            "axisLabel": "",
            "axisPlacement": "auto",
            "barAlignment": 0,
            "drawStyle": "line",
            "fillOpacity": 10,
            "gradientMode": "none",
            "hideFrom": {
              "legend": false,
              "tooltip": false,
              "viz": false
            },
            "insertNulls": false,
            "lineInterpolation": "linear",
            "lineWidth": 1,
            "pointSize": 5,
            "scaleDistribution": {
              "type": "linear"
            },
            "showPoints": "never",
            "spanNulls": false,
            "stacking": {
              "group": "A",
              "mode": "none"
            },
            "thresholdsStyle": {
              "mode": "off"
            }
          },
          "mappings": [],
          "thresholds": {
            "mode": "absolute",
            "steps": [
              {
                "color": "green",
                "value": null
              },
              {
                "color": "red",
                "value": 80
              }
            ]
          },
          "unit": "bytes"
        },
        "overrides": []
      },
      "gridPos": {
        "h": 8,
        "w": 12,
        "x": 12,
        "y": 31
      },
      "id": 115,
      "options": {
        "legend": {
          "calcs": [],
          "displayMode": "list",
          "placement": "bottom",
          "showLegend": true
        },
        "tooltip": {
          "mode": "multi",
          "sort": "none"
        }
      },
      "pluginVersion": "7.4.5",
      "targets": [
        {
          "datasource": "${DS_PROMETHEUS}",
          "expr": "sum(irate(kafka_server_raftchannelmetrics_outgoing_byte_total{namespace=\"$kubernetes_namespace\",strimzi_io_cluster=\"$strimzi_cluster_name\",kubernetes_pod_name=~\"$strimzi_cluster_name-$kraft_node\"}[5m])) by (kubernetes_pod_name)",
          "format": "time_series",
          "hide": false,
          "interval": "",
          "intervalFactor": 1,
          "legendFormat": "{{kubernetes_pod_name}}",
          "refId": "A"
        }
      ],
      "title": "Metadata Topic Outgoing Bytes Rate",
      "type": "timeseries"
    },
    {
      "datasource": "${DS_PROMETHEUS}",
      "description": "The number of requests sent per second",
      "fieldConfig": {
        "defaults": {
          "color": {
            "mode": "palette-classic"
          },
          "custom": {
            "axisBorderShow": false,
            "axisCenteredZero": false,
            "axisColorMode": "text",
            "axisLabel": "",
            "axisPlacement": "auto",
            "barAlignment": 0,
            "drawStyle": "line",
            "fillOpacity": 10,
            "gradientMode": "none",
            "hideFrom": {
              "legend": false,
              "tooltip": false,
              "viz": false
            },
            "insertNulls": false,
            "lineInterpolation": "linear",
            "lineWidth": 1,
            "pointSize": 5,
            "scaleDistribution": {
              "type": "linear"
            },
            "showPoints": "never",
            "spanNulls": false,
            "stacking": {
              "group": "A",
              "mode": "none"
            },
            "thresholdsStyle": {
              "mode": "off"
            }
          },
          "mappings": [],
          "thresholds": {
            "mode": "absolute",
            "steps": [
              {
                "color": "green",
                "value": null
              },
              {
                "color": "red",
                "value": 80
              }
            ]
          },
          "unit": "short"
        },
        "overrides": []
      },
      "gridPos": {
        "h": 8,
        "w": 12,
        "x": 0,
        "y": 39
      },
      "id": 116,
      "options": {
        "legend": {
          "calcs": [],
          "displayMode": "list",
          "placement": "bottom",
          "showLegend": true
        },
        "tooltip": {
          "mode": "multi",
          "sort": "none"
        }
      },
      "pluginVersion": "7.4.5",
      "targets": [
        {
          "datasource": "${DS_PROMETHEUS}",
          "expr": "sum(irate(kafka_server_raftchannelmetrics_request_total{namespace=\"$kubernetes_namespace\",strimzi_io_cluster=\"$strimzi_cluster_name\",kubernetes_pod_name=~\"$strimzi_cluster_name-$kraft_node\"}[5m])) by (kubernetes_pod_name)",
          "format": "time_series",
          "hide": false,
          "interval": "",
          "intervalFactor": 1,
          "legendFormat": "{{kubernetes_pod_name}}",
          "refId": "A"
        }
      ],
      "title": "Metadata Topic Requests Rate",
      "type": "timeseries"
    },
    {
      "datasource": "${DS_PROMETHEUS}",
      "description": "The number of responses received per second",
      "fieldConfig": {
        "defaults": {
          "color": {
            "mode": "palette-classic"
          },
          "custom": {
            "axisBorderShow": false,
            "axisCenteredZero": false,
            "axisColorMode": "text",
            "axisLabel": "",
            "axisPlacement": "auto",
            "barAlignment": 0,
            "drawStyle": "line",
            "fillOpacity": 10,
            "gradientMode": "none",
            "hideFrom": {
              "legend": false,
              "tooltip": false,
              "viz": false
            },
            "insertNulls": false,
            "lineInterpolation": "linear",
            "lineWidth": 1,
            "pointSize": 5,
            "scaleDistribution": {
              "type": "linear"
            },
            "showPoints": "never",
            "spanNulls": false,
            "stacking": {
              "group": "A",
              "mode": "none"
            },
            "thresholdsStyle": {
              "mode": "off"
            }
          },
          "mappings": [],
          "thresholds": {
            "mode": "absolute",
            "steps": [
              {
                "color": "green",
                "value": null
              },
              {
                "color": "red",
                "value": 80
              }
            ]
          },
          "unit": "short"
        },
        "overrides": []
      },
      "gridPos": {
        "h": 8,
        "w": 12,
        "x": 12,
        "y": 39
      },
      "id": 117,
      "options": {
        "legend": {
          "calcs": [],
          "displayMode": "list",
          "placement": "bottom",
          "showLegend": true
        },
        "tooltip": {
          "mode": "multi",
          "sort": "none"
        }
      },
      "pluginVersion": "7.4.5",
      "targets": [
        {
          "datasource": "${DS_PROMETHEUS}",
          "expr": "sum(irate(kafka_server_raftchannelmetrics_response_total{namespace=\"$kubernetes_namespace\",strimzi_io_cluster=\"$strimzi_cluster_name\",kubernetes_pod_name=~\"$strimzi_cluster_name-$kraft_node\"}[5m])) by (kubernetes_pod_name)",
          "format": "time_series",
          "hide": false,
          "interval": "",
          "intervalFactor": 1,
          "legendFormat": "{{kubernetes_pod_name}}",
          "refId": "A"
        }
      ],
      "title": "Metadata Topic Responses Rate",
      "type": "timeseries"
    },
    {
      "datasource": "${DS_PROMETHEUS}",
      "description": "The high watermark maintained on this member; -1 if it is unknown.",
      "fieldConfig": {
        "defaults": {
          "color": {
            "mode": "palette-classic"
          },
          "custom": {
            "axisBorderShow": false,
            "axisCenteredZero": false,
            "axisColorMode": "text",
            "axisLabel": "",
            "axisPlacement": "auto",
            "barAlignment": 0,
            "drawStyle": "line",
            "fillOpacity": 10,
            "gradientMode": "none",
            "hideFrom": {
              "legend": false,
              "tooltip": false,
              "viz": false
            },
            "insertNulls": false,
            "lineInterpolation": "linear",
            "lineWidth": 1,
            "pointSize": 5,
            "scaleDistribution": {
              "type": "linear"
            },
            "showPoints": "never",
            "spanNulls": false,
            "stacking": {
              "group": "A",
              "mode": "none"
            },
            "thresholdsStyle": {
              "mode": "off"
            }
          },
          "mappings": [],
          "thresholds": {
            "mode": "absolute",
            "steps": [
              {
                "color": "green",
                "value": null
              },
              {
                "color": "red",
                "value": 80
              }
            ]
          },
          "unit": "short"
        },
        "overrides": []
      },
      "gridPos": {
        "h": 8,
        "w": 12,
        "x": 0,
        "y": 47
      },
      "id": 118,
      "options": {
        "legend": {
          "calcs": [],
          "displayMode": "list",
          "placement": "bottom",
          "showLegend": true
        },
        "tooltip": {
          "mode": "multi",
          "sort": "none"
        }
      },
      "pluginVersion": "7.4.5",
      "targets": [
        {
          "datasource": "${DS_PROMETHEUS}",
          "expr": "sum(kafka_server_raftmetrics_high_watermark{namespace=\"$kubernetes_namespace\",kubernetes_pod_name=~\"$strimzi_cluster_name-$kraft_node\",strimzi_io_name=\"$strimzi_cluster_name-kafka\"}) by (kubernetes_pod_name)",
          "format": "time_series",
          "hide": false,
          "interval": "",
          "intervalFactor": 1,
          "legendFormat": "{{kubernetes_pod_name}}",
          "refId": "A"
        }
      ],
      "title": "High Watermark",
      "type": "timeseries"
    },
    {
      "datasource": "${DS_PROMETHEUS}",
      "description": "The current raft log end offset.",
      "fieldConfig": {
        "defaults": {
          "color": {
            "mode": "palette-classic"
          },
          "custom": {
            "axisBorderShow": false,
            "axisCenteredZero": false,
            "axisColorMode": "text",
            "axisLabel": "",
            "axisPlacement": "auto",
            "barAlignment": 0,
            "drawStyle": "line",
            "fillOpacity": 10,
            "gradientMode": "none",
            "hideFrom": {
              "legend": false,
              "tooltip": false,
              "viz": false
            },
            "insertNulls": false,
            "lineInterpolation": "linear",
            "lineWidth": 1,
            "pointSize": 5,
            "scaleDistribution": {
              "type": "linear"
            },
            "showPoints": "never",
            "spanNulls": false,
            "stacking": {
              "group": "A",
              "mode": "none"
            },
            "thresholdsStyle": {
              "mode": "off"
            }
          },
          "mappings": [],
          "thresholds": {
            "mode": "absolute",
            "steps": [
              {
                "color": "green",
                "value": null
              },
              {
                "color": "red",
                "value": 80
              }
            ]
          },
          "unit": "short"
        },
        "overrides": []
      },
      "gridPos": {
        "h": 8,
        "w": 12,
        "x": 12,
        "y": 47
      },
      "id": 119,
      "options": {
        "legend": {
          "calcs": [],
          "displayMode": "list",
          "placement": "bottom",
          "showLegend": true
        },
        "tooltip": {
          "mode": "multi",
          "sort": "none"
        }
      },
      "pluginVersion": "7.4.5",
      "targets": [
        {
          "datasource": "${DS_PROMETHEUS}",
          "expr": "sum(kafka_server_raftmetrics_log_end_offset{namespace=\"$kubernetes_namespace\",kubernetes_pod_name=~\"$strimzi_cluster_name-$kraft_node\",strimzi_io_name=\"$strimzi_cluster_name-kafka\"}) by (kubernetes_pod_name)",
          "format": "time_series",
          "hide": false,
          "interval": "",
          "intervalFactor": 1,
          "legendFormat": "{{kubernetes_pod_name}}",
          "refId": "A"
        }
      ],
      "title": "Log End Offset",
      "type": "timeseries"
    }
  ],
  "refresh": "5s",
  "schemaVersion": 39,
  "tags": [
    "Strimzi",
    "Kafka",
    "KRaft"
  ],
  "templating": {
    "list": [
      {
        "current": {},
        "error": null,
        "hide": 0,
        "includeAll": false,
        "label": "datasource",
        "multi": false,
        "name": "DS_PROMETHEUS",
        "options": [],
        "query": "prometheus",
        "refresh": 1,
        "regex": "",
        "skipUrlSync": false,
        "type": "datasource"
      },
      {
        "current": {},
        "datasource": "${DS_PROMETHEUS}",
        "definition": "",
        "hide": 0,
        "includeAll": false,
        "label": "Namespace",
        "multi": false,
        "name": "kubernetes_namespace",
        "options": [],
        "query": "query_result(kafka_server_raftmetrics_current_leader)",
        "refresh": 1,
        "regex": "/.*namespace=\"([^\"]*).*/",
        "skipUrlSync": false,
        "sort": 0,
        "tagValuesQuery": "",
        "tagsQuery": "",
        "type": "query",
        "useTags": false
      },
      {
        "current": {},
        "datasource": "${DS_PROMETHEUS}",
        "definition": "",
        "hide": 0,
        "includeAll": false,
        "label": "Cluster Name",
        "multi": false,
        "name": "strimzi_cluster_name",
        "options": [],
        "query": "query_result(kafka_server_raftmetrics_current_leader{namespace=\"$kubernetes_namespace\"})",
        "refresh": 1,
        "regex": "/.*strimzi_io_cluster=\"([^\"]*).*/",
        "skipUrlSync": false,
        "sort": 0,
        "tagValuesQuery": "",
        "tagsQuery": "",
        "type": "query",
        "useTags": false
      },
      {
        "allValue": ".*",
        "current": {},
        "datasource": "${DS_PROMETHEUS}",
        "definition": "",
        "hide": 0,
        "includeAll": true,
        "label": "Broker",
        "multi": false,
        "name": "kraft_node",
        "options": [],
        "query": "query_result(kafka_server_raftmetrics_current_leader{namespace=\"$kubernetes_namespace\",strimzi_io_cluster=\"$strimzi_cluster_name\"})",
        "refresh": 1,
        "regex": "/.*pod_name=\"$strimzi_cluster_name-([^\"]*).*/",
        "skipUrlSync": false,
        "sort": 0,
        "tagValuesQuery": "",
        "tagsQuery": "",
        "type": "query",
        "useTags": false
      }
    ]
  },
  "time": {
    "from": "now-1h",
    "to": "now"
  },
  "timepicker": {
    "refresh_intervals": [
      "5s",
      "10s",
      "30s",
      "1m",
      "5m",
      "15m",
      "30m",
      "1h",
      "2h",
      "1d"
    ],
    "time_options": [
      "5m",
      "15m",
      "1h",
      "6h",
      "12h",
      "24h",
      "2d",
      "7d",
      "30d"
    ]
  },
  "timezone": "",
  "title": "Strimzi KRaft",
  "version": 6,
  "weekStart": ""
}
